iso3_code,country,avg_gdp,2008,2009,2010,2011,2012,2013,2014,2015,2016,2017
ABW,Aruba,2598938547.486034,2745251396.64804,2498882681.56425,2390502793.2960896,2549720670.3910604,2534636871.50838,2581564245.81006,2649720670.3910604,2691620111.7318397,2646927374.30168,2700558659.2178802
AFG,Afghanistan,17671822214.91933,10109218067.7904,12439087076.7667,15856574731.4411,17804280538.1102,20001615788.6719,20561054090.3995,20484873230.2111,19907111418.9938,19362642266.6484,20191764940.1602
AGO,Angola,110435119729.40248,88538611205.1433,70307163678.23799,83799496611.2004,111789686464.441,128052853643.106,136709862831.194,145712200312.505,116193649124.151,101123851090.455,122123822333.591
ALB,Albania,12434104163.200819,12881353507.8539,12044208085.863998,11926953213.6961,12890866742.6533,12319784886.2038,12776280961.155,13228247844.1247,11386931489.7968,11861352704.87,13025062195.7906
AND,Andorra,3296476762.4189677,4007353156.58415,3660530702.97305,3355695364.23841,3442062830.13622,3164615186.94591,3281585236.3250103,3350736367.25488,2811489408.89431,2877311946.90265,3013387423.93509
ARB,Arab World,2470231992356.5083,2078823967037.02,1796358749934.16,2110062113014.68,2501833645178.18,2787005632800.04,2867265277713.17,2908426366523.66,2557828733470.7,2506038474468.22,2588676963425.26
ARE,United Arab Emirates,347506581383.25385,315474615738.598,253547358747.447,289787338325.391,350666031313.819,374590605854.323,390107556160.654,403137100068.073,358135057862.492,357045064669.84296,382575085091.899
ARG,Argentina,506762894142.7725,361558037110.419,332976484577.61896,423627422092.49,530163281574.65796,545982375701.128,552025140252.246,526319673731.63794,594749285413.212,557531376217.967,642695864756.35
ARM,Armenia,10568960388.865458,11662040713.8753,8647936747.987041,9260284937.797821,10142111334.4961,10619320048.5857,11121465767.4067,11609512939.7543,10553337672.9872,10546135160.031,11527458565.7334
ASM,American Samoa,626700000.0,563000000.0,678000000.0,576000000.0,574000000.0,644000000.0,641000000.0,643000000.0,661000000.0,653000000.0,634000000.0
ATG,Antigua and Barbuda,1290101385.296296,1368431037.03704,1224253000.0,1152469074.07407,1142042925.92593,1211411703.7037,1192919629.62963,1275576777.77778,1359194740.74074,1464630213.3333302,1510084750.74074
AUS,Australia,1300676074461.2056,1053995523724.26,927805183330.879,1146138465603.81,1396649906339.35,1546151783872.96,1576184467015.49,1467483705131.74,1351520093185.79,1210028388411.7,1330803227996.08
AUT,Austria,412766419159.36646,430294287388.31104,400172297860.517,391892746544.69,431120310088.82,409425234155.26294,430068712971.867,441996131736.508,381805676697.70703,394052818287.78796,416835975862.194
AZE,Azerbaijan,56289851597.84057,48852482960.0779,44291490420.5026,52902703376.1056,65951627200.2026,69683935845.2138,74164435946.4627,75244294275.1498,53074468085.1064,37867518957.1975,40865558912.3867
BDI,Burundi,2438796011.248514,1611835901.9063,1781455092.0711398,2032135246.5000398,2235820867.8274302,2333308099.46249,2451625332.74584,2705783272.07443,3104394858.11518,2959185295.3901896,3172416146.3921
BEL,Belgium,498387252134.0119,518625897172.99,484552792442.345,483548031197.108,527008453886.92896,497884216568.867,520925468952.938,530808391525.11,455940347170.37,469677213719.194,494901708704.269
BEN,Benin,8214266284.2922,7132787396.66547,7097198711.6102295,6970240895.498879,7814081155.649879,8152554487.31321,9157355679.70205,9707432015.614408,8291155880.59505,8573159696.6112795,9246696923.66155
BFA,Burkina Faso,10556200541.987013,8369637065.40255,8369175126.2531595,8979966766.07232,10724063457.8326,11166063466.5623,11947176341.9966,12377391462.6377,10419303761.3524,10886363726.8422,12322864244.9183
BGD,Bangladesh,156047547050.96127,91631278239.3237,102477791472.39,115279077465.226,128637938711.386,133355749482.47801,149990451022.29,172885454931.453,195078678697.23,221415188000.475,249723862487.36102
BGR,Bulgaria,54225806835.6813,54409138498.3548,51884481410.3931,50610058210.3696,57418414504.0882,53903022339.0276,55555171009.772,56814543481.2102,50201314894.5817,53240950226.2443,58220973782.7715
BHR,Bahrain,29862420212.76597,25710877659.5745,22938218085.1064,25713271276.5957,28776595744.6809,30749308510.6383,32539547872.3404,33387712765.9575,31125851063.8298,32250132978.7234,35432686170.2128
BHS,"Bahamas, The",10877277000.0,10526000000.0,9981960000.0,10095760000.0,10070450000.0,10720500000.0,10627600000.0,10957300000.0,11792300000.0,11838800000.0,12162100000.0
BIH,Bosnia and Herzegovina,17771676778.85661,19112739664.4697,17613836209.9581,17176781336.7644,18644723860.9709,17226849297.07,18178503835.4491,18558343508.3435,16211541253.1897,16913330693.9653,18080118128.3854
BLR,Belarus,61099135333.89873,60763483146.0674,50874078052.2735,58665088956.0255,61757788944.7236,65685102554.8759,75527984234.2342,78813839984.3506,56454734396.5842,47722657820.6675,54726595249.1849
BLZ,Belize,1588415735.0,1368625150.0,1335217500.0,1396731700.0,1486595750.0,1563827850.0,1608442150.0,1692955750.0,1762500450.0,1806646250.0,1862614800.0
BMU,Bermuda,5720456333.333334,6109928000.0,5806378000.0,5744414000.0,5550771000.0,5537537000.0,5573710000.0,,,,
BOL,Bolivia,27281697301.038197,16674324634.2373,17339992165.2422,19649631450.6819,23963033588.0063,27084497539.7974,30659338784.3705,32996188133.1404,33000198263.3864,33941126193.9219,37508642257.5977
BRA,Brazil,2123399153945.0337,1695824565983.2,1667019783585.08,2208871646202.82,2616201578192.25,2465188674415.03,2472806456101.29,2455994050148.75,1802214373741.32,1796275437087.99,2053594973992.61
BRB,Barbados,4611665000.0,4782000000.0,4479950000.0,4529900000.0,4660900000.0,4656350000.0,4612500000.0,4608350000.0,4584150000.0,4529050000.0,4673500000.0
BRN,Brunei Darussalam,14805796193.98603,14393099068.5859,10732366286.2643,13707370737.0737,18525319977.7407,19048495518.5659,18093829923.2737,17098342541.4365,12930394937.8137,11400653949.1783,12128088999.9276
BTN,Bhutan,1833522867.2483048,1258332337.28382,1264758197.96593,1585472534.10547,1820207625.80217,1823692109.61652,1798333725.8395398,1976938529.72743,2059809919.89325,2219675780.89539,2528007911.35353
BWA,Botswana,14404397979.570356,10945070441.9283,10267133177.7334,12786654365.8738,15351972229.5341,16067155187.0375,14901750764.9811,16250750259.0212,14420604205.7459,15646323340.5497,17406565823.2986
CAF,Central African Republic,2045676053.639165,1985240986.18508,2059094048.2601898,2140503193.16261,2434792412.50855,2510270267.72918,1700627479.55631,1904794555.18138,1709221159.20294,1844714794.83758,2167501639.76783
CAN,Canada,1651690559720.9912,1549131208997.19,1371153004986.44,1613542812589.39,1789140665202.84,1823966686523.63,1842018420853.1,1801480123070.82,1552899925233.71,1526705529135.32,1646867220617.47
CEB,Central Europe and the Baltics,1387178809199.679,1530305253849.27,1287790847790.09,1312306614706.01,1445166364927.32,1351020408339.39,1421923544401.21,1464718685618.07,1287360865864.85,1315627473799.51,1455568032701.07
CHE,Switzerland,647394173217.2559,554363487120.303,541506500413.565,583782977866.405,699579638638.2261,668043614122.87,688504173431.454,709182559935.3009,679832291693.2571,670181065629.156,678965423322.021
CHI,Channel Islands,,,,,,,,,,,
CHL,Chile,240087124185.89493,179638496278.57397,172389498444.621,218537551220.071,252251992029.442,267122320056.702,278384332694.359,260541637327.86398,243919079437.22,250339876460.228,277746457909.868
CHN,China,8617281934079.028,4594306848763.08,5101702432883.45,6087164527421.24,7551500425597.77,8532230724141.76,9570405758739.79,10438529153237.6,11015542352468.9,11137945669350.6,12143491448186.1
CIV,Cote d'Ivoire,29862147998.830956,24224905503.654,24277494337.4,24884503950.6812,25381615976.0786,26790577891.2905,31264184740.6082,35316494573.681,33131113901.4803,35296979104.0186,38053610009.4172
CMR,Cameroon,30276460442.354565,26409781215.1844,26017925551.8426,26143818509.6421,29337006833.0825,29104437355.0395,32348149947.3727,34942948737.3967,30916218544.4404,32621535418.9031,34922782310.6416
COD,"Congo, Dem. Rep.",29680915032.001602,19788515873.9704,18648373312.3884,21565720044.4529,25839749198.7761,29306235826.376,32679745297.6503,35909040265.9532,37917704900.1192,37134799974.4735,38019265625.856
COG,"Congo, Rep.",11611759535.547846,11859013280.9951,9593537550.75063,12007880438.6232,14425607179.6639,13677930123.5919,14085851348.068998,14177437982.2619,8553154580.399509,9035848070.90357,8701334800.219759
COL,Colombia,311641257431.5347,241710969502.89398,232494134119.684,286103648654.545,334454039093.586,370574421703.06,381866608838.8,381112119657.445,293481748240.779,282825009887.458,311789874617.096
COM,Comoros,1010292079.7437268,911967428.7138381,901711442.285944,907093130.3135211,1021746833.4257301,1015901205.4202801,1115906341.7772698,1148058015.47633,988150249.5336881,1024261820.6281,1068124329.8625699
CPV,Cabo Verde,1752357782.113285,1789333748.6799,1711817181.52969,1664310769.55229,1864824080.6925602,1751888561.72747,1850470042.43281,1859898513.26858,1596800287.16405,1662998677.88425,1771235958.20125
CRI,Costa Rica,45761113207.24537,30612927861.2203,30562363429.7626,37268616183.9711,42262694503.9644,46473131798.8916,49745084869.7148,50577769785.0761,54775997555.6182,57157995872.6843,58174550211.5503
CSS,Caribbean small states,68233300131.62963,69106766832.5571,58178987893.2216,63286770718.6336,68423468920.3575,70778783660.6102,71874614598.3802,72804605847.511,71620269050.3783,67183921136.4825,69074812658.1643
CUB,Cuba,76250330000.0,60806300000.0,62080000000.0,64328000000.0,68990000000.0,73141000000.0,77148000000.0,80656000000.0,87133000000.0,91370000000.0,96851000000.0
CUW,Curacao,3123803822.825218,,,,3038699608.93855,3131096089.38548,3147616201.11732,3158406033.51955,3151910782.1229,3122287932.96089,3116610111.7318397
CYM,Cayman Islands,3570575151.2672296,,,,,,,,,,3570575151.2672296
CYP,Cyprus,24153856499.222244,27839724622.8212,25942664629.0636,25562264900.6622,27426994717.8204,25041397918.5404,24084559214.0202,23364707443.2798,19680625485.1946,20453761061.9469,22141864998.8731
CZE,Czech Republic,209975573737.84756,235718586901.129,206179982164.40198,207477857918.91898,227948349666.35397,207376427020.815,209402444996.10397,207818330723.835,186829940545.75897,195090272402.72897,215913545038.43
DEU,Germany,3611014389575.744,3752365607148.09,3418005001389.27,3417094562648.95,3757698281117.55,3543983909148.01,3752513503278.41,3898726503841.35,3381389338658.82,3495162856297.22,3693204332229.78
DJI,Djibouti,1379205879.4356558,999105339.2677289,1049110684.72493,1128611700.3618,1239144501.77525,1353632941.5207,1324733711.8292198,1455035088.74594,1633741922.6873698,1764268468.9399102,1844674434.5037103
DMA,Dominica,506665728.8518518,458190185.18518496,489074333.333333,493824413.333333,501025303.333333,485997988.14814806,501979134.44444406,523540777.777778,540830670.0,575468234.444445,496726248.51851904
DNK,Denmark,330885460777.7446,353361056079.716,321241396034.248,321995350346.50104,344003209695.606,327148899962.146,343584385594.132,352993633221.281,302673037998.602,311988101661.74396,329865537183.47
DOM,Dominican Republic,61492087527.32383,48288967303.4896,48376555305.6902,53982886258.2205,57811180659.4545,60657780260.6792,62661773591.7203,66065015410.0468,68802092020.9448,72342967648.3354,75931656814.657
DZA,Algeria,179572649936.4194,171000691877.714,137211039898.19301,161207268655.392,200019057307.655,209058991952.125,209755003250.66397,213810022462.428,165979277276.90698,160129866569.935,167555280113.181
EAP,East Asia & Pacific (excluding high income),10655264526488.182,5987665443209.82,6490710245020.34,7868968060604.67,9614771033908.29,10721334546957.2,11827780244502.1,12714085026388.9,13223362408545.5,13457752355494.1,14646215900250.9
EAR,Early-demographic dividend,9550777593822.299,7308264339962.95,7037596798874.97,8547107609959.71,9582350979568.66,10046243727335.3,10229925914728.0,10594923447904.2,10278923522327.7,10512884952663.6,11369554644897.9
EAS,East Asia & Pacific,19743283481823.348,14100855248279.8,14526067836583.6,16935062447071.5,19632602228096.1,21010207451844.7,21243898145787.0,21876509488557.4,21747800265057.0,22447570589125.6,23912261117830.8
ECA,Europe & Central Asia (excluding high income),3462127857502.1816,3310744317438.2,2603323082071.74,3099809011020.19,3831921026803.82,4058075244447.13,4314981741824.11,4036166875129.5,3088691707518.32,2960291936549.57,3317273632219.24
ECS,Europe & Central Asia,21966569365489.32,23271887696278.9,20472867180992.5,20947219688075.2,23210134856318.4,22372120484959.4,23380873344196.4,23707435251251.6,20418335201181.1,20361374748400.9,21523445203238.8
ECU,Ecuador,86141882500.0,61762635000.0,62519686000.0,69555367000.0,79276664000.0,87924544000.0,95129659000.0,101726331000.0,99290381000.0,99937696000.0,104295862000.0
EGY,"Egypt, Arab Rep.",258117438995.2458,162818181818.182,188982374700.805,218888324504.75302,236001858960.015,279372758361.832,288586231501.877,305529656458.438,332698041030.807,332927833278.038,235369129337.71103
EMU,Euro area,12897857619700.02,14124882309427.2,12915145836358.7,12651372899227.5,13631230746160.9,12651516120846.0,13203039232372.4,13499747373539.6,11683772866888.7,11983158705495.2,12634710106684.0
ERI,Eritrea,1990415925.2032502,1380188800.0,1856695551.21951,2117039512.1951199,2607739837.39837,,,,,,
ESP,Spain,1387948093268.8657,1635015380108.39,1499099749930.54,1431616749640.29,1488067258325.2,1336018949805.58,1361854206549.39,1376910811040.88,1199084183705.08,1237499479181.11,1314314164402.2
EST,Estonia,23480498564.902462,24194039255.8957,19652492636.8436,19490936349.1753,23170239900.7654,23043864510.0543,25137153149.4377,26615854605.2787,22904456871.8171,23984296770.8115,26611651598.9453
ETH,Ethiopia,48841417241.26594,27066912635.2228,32437389116.038,29933790334.3418,31952763089.33,43310721414.0829,47648211133.2183,55612228233.5179,64464547915.2698,74271281810.8189,81716326730.819
EUU,European Union,17605803026054.82,19163615271291.5,17126624755494.9,17009600166105.5,18374750719407.9,17316993527214.5,18053069090743.2,18669297250216.3,16446079334591.3,16553075746191.8,17344924399291.3
FCS,Fragile and conflict affected situations,736004906495.5245,584365426926.3511,544392485063.641,649697459092.7479,709496791246.9741,816782810006.542,850108840302.6659,858994228087.048,774093767714.4929,742768301130.004,829348955384.778
FIN,Finland,258017358318.60898,283742493042.332,251499027507.64102,247799815768.477,273674236772.815,256706466091.089,269980111642.898,272609288689.575,232850788304.513,239009517793.721,252301837573.029
FJI,Fiji,4120759129.5145526,3523185919.55826,2870624635.68032,3140508835.9485,3774530615.65916,3972012570.5346704,4190143206.25611,4856963251.974771,4682546881.15833,4926740193.667729,5270335184.70768
FRA,France,2695547051594.4683,2918382891460.38,2690222283967.77,2642609548930.36,2861408170264.61,2683825225092.63,2811077725703.59,2852165760630.27,2438207896251.84,2471285607081.72,2586285406561.51
FRO,Faroe Islands,2507042746.7875657,2432415998.11695,2268387770.7101398,2320424601.26954,2490807830.57351,2366301251.6184697,2627049837.08135,2850743875.2784,2518096285.61661,2689157270.82312,
FSM,"Micronesia, Fed. Sts.",309153420.0,262868600.0,279966700.0,296525300.0,310502100.0,326128700.0,316040600.0,317999400.0,315179700.0,329895600.0,336427500.0
GAB,Gabon,15634502419.015167,15508574820.3516,12065138272.7538,14358584300.3006,18186478119.9582,17171447372.3334,17590745162.1326,18179752009.7489,14377324797.637,14014369641.7689,14892609693.1667
GBR,United Kingdom,2704504368124.684,2904036764705.88,2394785792179.47,2452899665124.47,2634895693131.3,2676605417645.99,2753565033773.77,3034729456047.18,2896420586534.4,2659238931670.25,2637866340434.13
GEO,Georgia,14158367193.41277,12795076469.0099,10766776414.2472,11638500813.5555,14434568633.2642,15846484587.9004,16140014428.2794,16509316418.4176,13993566297.9774,14378036929.0573,15081330942.4188
GHA,Ghana,44825223840.754425,28526891010.4925,25977847813.7422,32174772955.9748,39566292432.8615,41939728978.7281,63277216921.436,53601126665.1424,49181854795.298,55009730589.4447,58996776244.424
GIB,Gibraltar,,,,,,,,,,,
GIN,Guinea,7942685592.754379,6964179193.8437605,6716904568.757689,6853467857.6196,6785137172.76517,7638045254.43072,8376613843.27475,8778473614.54971,8794202443.67754,8604520929.47352,9915311049.151329
GMB,"Gambia, The",1157856228.8135226,965781078.2069539,900639534.0108991,951806368.6991289,898290989.936018,910026155.731035,1367041585.0891,1259063630.6999302,1394149615.82075,1442298542.08538,1489464787.85603
GNB,Guinea-Bissau,1030036782.6844182,864654795.287148,826798659.766283,849050127.504407,1098379391.95039,989327811.785114,1045790132.98518,1053512334.17271,1047808175.0005699,1178204501.38801,1346841897.00437
GNQ,Equatorial Guinea,17517763822.99857,19749893536.3204,15027795173.2187,16298542027.9965,21329395900.871002,22389626329.3369,21942597765.3631,21736500712.9638,13180195435.1132,11233177619.4663,12289913729.3358
GRC,Greece,258908205940.66415,354460802548.704,330000252153.37604,299361576558.217,287797822093.178,245670666639.047,239862011450.103,237029579260.722,196591353761.226,195222443512.93698,203085551429.132
GRD,Grenada,888644200.0,825976037.037037,771275555.555555,771013259.259259,778655925.925926,799882259.259259,842620111.111111,911497407.407407,997007925.925926,1061631222.22222,1126882296.2963
GRL,Greenland,2618444307.6735234,2499107510.64122,2529948329.57153,2503156060.52524,2684467375.71479,2609667673.71601,2684952726.88425,2842048997.77283,2499115623.00272,2713534471.23312,
GTM,Guatemala,53687761147.54615,39136954232.1988,37734072278.3802,41338521637.6882,47654783851.8252,50388460924.7345,53851148431.9316,58722323918.1604,63767597193.9175,68663653469.1246,75620095537.5005
GUM,Guam,5266000000.0,4621000000.0,4781000000.0,4895000000.0,4928000000.0,5199000000.0,5336000000.0,5538000000.0,5710000000.0,5793000000.0,5859000000.0
GUY,Guyana,2801091287.9003353,1916994911.93238,2061323853.88576,2273225041.96217,2576024115.57832,2861562265.8830104,2987684170.24434,3077643313.70623,3197225181.59806,3504024213.0750604,3555205811.1380205
HIC,High income,48066150900957.63,46144055293121.3,43284387566468.6,45351950807153.5,48938740139149.4,48994830250440.7,49584762999208.3,50661148005384.7,47850192718595.0,48848458207801.0,51002983022253.9
HKG,"Hong Kong SAR, China",271215551603.01514,219279678430.16397,214046415026.18698,228637697575.04,248513617677.287,262629441493.476,275696879834.966,291459356985.337,309383627028.56104,320860698504.30896,341648103474.824
HND,Honduras,18332563763.77219,13789727209.7723,14486137413.5468,15729644901.1305,17588097149.7619,18400538970.1119,18372173610.6685,19618567447.2199,20833948912.2897,21566622849.6057,22940179173.6147
HPC,Heavily indebted poor countries (HIPC),582765893739.4707,426498249170.88794,428919945212.731,474041146088.37604,529821540814.014,570150898932.386,636323163116.2379,672892307835.499,660391877931.796,676659153166.275,751960655126.504
HRV,Croatia,58427163934.17319,70494603466.4504,62779128128.3747,59865977191.7061,62399478246.2247,56548374544.8951,58157880646.4618,57682343707.5954,49519006809.2676,51623429121.3635,55201417479.3925
HTI,Haiti,7750010484.528701,6548530572.35291,6584649419.28348,6622541528.56888,7516834160.25277,7890216507.68913,8452509315.87722,8776350789.5993,8724656126.498491,7975563430.003409,8408252995.161429
HUN,Hungary,135230032851.52362,157998423131.739,130593960612.172,130922638689.071,140782064609.18698,127856647107.82,135220881110.441,140082504424.588,123074092703.14099,126007978024.32,139761138102.757
IBD,IBRD only,23657585633439.99,16963472530599.1,16461239372945.0,19990768287460.6,23617129078303.0,25106273957433.9,26533915063749.5,27401473578735.7,25861422494163.0,26007239891224.9,28632922079785.2
IBT,IDA & IBRD total,25445262502821.38,18258296030637.5,17726917972425.9,21452223148648.7,25284306835683.3,26903271815140.1,28503881746884.6,29538308687386.8,27954398996608.2,28049516210776.8,30781503584021.9
IDA,IDA total,1794653314522.0667,1300412546186.22,1271510232783.85,1465180099197.68,1668941965076.81,1800009529286.75,1976405957169.28,2147855272242.02,2105327535475.6,2053098161979.64,2157791845822.82
IDB,IDA blend,867511799878.8132,651561320885.37,608659912471.7839,710857170637.8779,821175610000.0409,903991245250.5741,983062712052.744,1078993325724.2,1024951386304.0,949684642860.357,942180672601.1841
IDN,Indonesia,822723584597.3922,510228634992.258,539580085612.401,755094160363.073,892969107923.097,917869910105.7479,912524136718.019,890814755233.225,860854235065.0791,931877364177.7421,1015423455783.28
IDX,IDA only,920545079879.8489,642111042961.651,658773741536.103,748786082530.149,840445860006.432,886434333832.953,983697024193.72,1057480583451.35,1071976099378.04,1099425202189.94,1216320828718.15
IMN,Isle of Man,6433663680.982092,5928601102.941179,5487083657.89064,5920177688.50433,6566098381.6696,6433357030.0158,6754330154.76004,7428280401.5139,6792417112.29947,6592627599.24386,
IND,India,1880950595668.275,1198895498504.14,1341886699393.18,1675615312693.42,1823049927771.46,1827637859135.7,1856722121394.53,2039127446298.55,2103587813812.75,2290432075123.75,2652551202555.27
INX,Not classified,,,,,,,,,,,
IRL,Ireland,261928300435.88037,275038896001.172,236316405946.096,222134042030.2,237907714639.4,225128651298.07898,238890278093.278,259101611738.068,291092489805.942,302242900803.522,331430014003.047
IRN,"Iran, Islamic Rep.",465030676568.71796,406070949553.875,414059094949.063,487069570463.76794,583500357530.414,598853401276.1011,467414852231.299,434474616831.914,385874474398.59,418976679728.567,454012768723.589
IRQ,Iraq,179571595812.04788,131613661510.475,111660855042.735,138516722649.573,185749664444.44397,218000986222.63898,234648370497.427,234648370497.427,177498577312.923,170219966159.052,193158783783.784
ISL,Iceland,17097751235.55639,17905251832.0506,13164652894.2464,13683689802.2771,15158548597.3876,14724078264.24,16033517529.2506,17758089312.4856,17344165907.2129,20716024757.4057,24489493459.0074
ISR,Israel,275233949088.0518,215960886649.94397,207451779086.031,233732926323.39102,261716880681.784,257435001991.474,292917010877.217,310007879343.474,300470790394.92303,319377923613.703,353268411918.577
ITA,Italy,2098033241691.1384,2390729163615.06,2185160183384.27,2125058244242.92,2276292404600.52,2072823157059.76,2130491320658.68,2151732868243.21,1832273032580.67,1869201702185.17,1946570340341.13
JAM,Jamaica,13920424018.108723,13680482786.9977,12067478477.5714,13200286270.4683,14413359665.4275,14798716216.2162,14193012191.4957,13852192273.1357,14145469269.456999,14072135208.5664,14781107821.7513
JOR,Jordan,32041043723.55431,22218617771.5092,23974612129.7602,26551480959.0973,28932299012.6939,30966149506.347,33675599435.8251,36104372355.4302,37968970380.8181,39252468265.1622,40765867418.8999
JPN,Japan,5251228583141.454,5037908465114.48,5231382674593.7,5700098114744.41,6157459594823.72,6203213121334.12,5155717056270.83,4850413536037.84,4389475622588.97,4926667087367.51,4859950558538.97
KAZ,Kazakhstan,174002644342.99228,133441612246.798,115308661142.92699,148047348240.643,192626507971.58398,207998568865.78897,236634552078.102,221415572819.5,184388432148.715,137278320084.17099,162886867831.694
KEN,Kenya,53378161404.81092,35895153327.8497,37021512048.8158,40000088346.8041,41953433591.4101,50412754861.0191,55096728047.9408,61448046801.7207,64007750178.5974,69188755510.9427,78757391333.0088
KGZ,Kyrgyz Republic,6342461325.215638,5139957784.91084,4690062255.12247,4794357795.07139,6197766118.59856,6605139933.410629,7335027591.91628,7468096566.711579,6678178340.45121,6813092065.835071,7702934800.12836
KHM,Cambodia,15105453028.988379,10351914093.1723,10401851850.6108,11242275198.9783,12829541141.0127,14054443213.4639,15227991395.2201,16702610842.4025,18049954289.4229,20016747754.0192,22177200511.5811
KIR,Kiribati,170136850.09076512,141042610.300285,132420059.273124,156120895.248578,181705002.57864898,190243321.598675,185113921.606488,179703443.302686,171117872.436331,178328873.03003302,185572501.53280202
KNA,St. Kitts and Nevis,859998941.9555553,793368441.0074071,767066391.8185179,766785071.244444,818728133.003704,800392821.222222,849496203.911111,916857359.5296301,936314411.4703699,958973183.2222221,992007403.125926
KOR,"Korea, Rep.",1246918232840.506,1002219052967.54,901934953364.7109,1094499338702.72,1202463682633.85,1222807284485.31,1305604981271.91,1411333926201.24,1382764027113.82,1414804158515.26,1530750923148.7
KWT,Kuwait,137714388775.1896,147395833333.333,105899930507.297,115419050942.08,154027536231.884,174070025008.932,174161142454.161,162631412508.784,114567298105.68301,109420059582.92,119551599076.82199
LAC,Latin America & Caribbean (excluding high income),5113350781747.5,4198034291231.18,3933625483328.37,4904606932154.93,5584687674430.54,5621553055485.71,5748382922892.87,5882790470977.05,4997012843036.87,4857776801085.38,5405037342852.1
LAO,Lao PDR,10960508901.52177,5443915120.50795,5832915387.08908,7127792629.582941,8749241114.189129,10191350119.6808,11942230508.334,13268458231.9284,14390391264.2607,15805707154.2329,16853087485.4118
LBN,Lebanon,43720029252.97511,29227542759.602,35477299023.8806,38419626533.9967,40075674295.1907,44230727694.859,46866579767.8275,48296099502.4876,49973893200.6633,51239050082.9187,53393799668.325
LBR,Liberia,2656228100.0,1726000000.0,1768000000.0,1998000000.0,2398000000.0,2721000000.0,3067000000.0,3144000000.0,3177000000.0,3277826000.0,3285455000.0
LBY,Libya,54034059502.045654,87140405361.2292,63028320702.0343,74773444900.5368,34699395523.6073,81873662518.8238,65502870173.7831,41142722414.3351,27842131479.8726,26221660067.6697,38115981878.5647
LCA,St. Lucia,1500966707.4074078,1286720333.3333302,1278745518.5185199,1399203481.4814801,1444269666.6666698,1437879370.37037,1481132148.14815,1542406296.2963,1640925666.6666698,1688244703.7037,1810139888.8888898
LCN,Latin America & Caribbean,5605781274762.921,4588436486040.13,4312105501412.17,5347162175796.48,6080012753550.91,6143036728395.19,6294625532171.87,6416225701699.74,5517742948141.7,5387475015449.07,5970989904971.94
LDC,Least developed countries: UN classification,830222504492.675,587171215385.522,585597465468.025,672657292013.901,772120609923.652,824528499166.106,892693870403.7959,969856031709.793,959770897684.067,960073446690.598,1077755716481.29
LIC,Low income,443656751959.18225,327077551746.73303,335063155444.682,368434174244.395,412389209537.13104,445017519259.077,487071447752.52203,523918930466.14703,516772383286.392,493881247719.937,526941900134.806
LIE,Liechtenstein,5710696385.355338,5081432924.0144,4504549214.226629,5082366478.08994,5739977477.47748,5456009384.66461,6391735893.83968,6657170923.37918,6268391521.19701,6214633651.30911,
LKA,Sri Lanka,67793202430.46369,40713812309.7316,42066217871.5349,56725749221.9043,65292753005.4664,68434409315.1123,74317806538.3632,79356449840.5771,80604080688.5775,82401038709.5356,88019706803.834
LMC,Lower middle income,5167285046604.939,3560010071485.11,3645471589052.62,4462020711439.79,5039221584981.71,5287092922777.45,5521874030996.2,5826965731799.72,5784352356553.79,6023987416728.54,6521854050234.47
LMY,Low & middle income,24632015477048.22,17468073559648.8,17053403083547.7,20688553441500.3,24427621356124.2,26063057932980.6,27620221792938.0,28651839765602.1,27168881144271.0,27266081638284.5,29912421055585.0
LSO,Lesotho,2391234882.072504,1758534994.91599,1773199523.2307,2361613519.6415896,2787951880.5690603,2678475773.44702,2526009062.56797,2614566292.25907,2510312801.2603,2323419617.12079,2578265355.71255
LTE,Late-demographic dividend,16632416392104.092,11650674845461.0,11259792367039.9,13503819692996.1,16461622211431.7,17608256434822.3,18982456745807.6,19662709989806.0,18417062499549.4,18420068944177.9,20357700189949.0
LTU,Lithuania,43570505026.04575,47850551148.8365,37440673477.8982,37120517693.8622,43476873412.803,42848195256.2142,46417340374.5203,48516371720.8346,41516701871.248,42973365745.2891,47544459558.9514
LUX,Luxembourg,58344049936.93983,55849686538.7432,51370543206.4462,53212476812.2957,60004630234.4135,56677961787.0717,61739352212.3049,66103853236.7572,57204400105.015,58961235412.2227,62316359824.1281
LVA,Latvia,28858811941.764004,35596016664.2304,26169854045.0375,23757368290.0955,28223552824.7508,28119996053.2511,30254677296.9181,31335013751.5424,26972863393.6384,27695474684.447002,30463302413.7289
MAC,"Macao SAR, China",39840148848.90671,20917444919.6394,21475520709.3922,28123640998.7253,36709860068.3445,43031577366.4251,51552075901.5183,55347998647.8196,45361678146.5247,45322259884.1791,50559431846.4989
MAF,St. Martin (French part),,,,,,,,,,,
MAR,Morocco,100939883808.2436,92507257783.5697,92897320375.8176,93216746661.5977,101370474295.10901,98266306615.3632,106825649872.108,110081248587.369,101179808076.36,103345296966.607,109708728848.535
MCO,Monaco,6185515330.083495,6476490405.74191,5451653237.01028,5362649006.62252,6080344731.72088,5743029680.07195,6553372278.27934,7060236168.2367,6258178995.23123,6468252212.3893795,6400946585.53076
MDA,Moldova,8008609057.232996,6054806100.8468,5439422031.396271,6974960345.3712,8414360656.29632,8709165249.26928,9496684701.43325,9510219299.495571,7745231660.33425,8071480540.86068,9669759987.026329
MDG,Madagascar,9894974208.498278,9413002920.97008,8550363974.79243,8729936135.744871,9892702357.56691,9919780071.287642,10601690871.7611,10673516672.6664,9744243531.20119,9958655044.98547,11465850504.0067
MDV,Maldives,3324702897.7832227,2271646187.5,2345294875.0,2588176054.6875,2774351760.03287,2886170571.6963396,3295011381.75405,3697351596.8375297,4109424799.7240705,4414055724.7338705,4865546025.86599
MEA,Middle East & North Africa,3133659862483.6543,2648080083193.21,2368422381889.97,2768122882414.01,3282325618009.2,3575615120555.34,3553668416591.58,3569443658321.09,3146224148913.01,3149687655679.88,3275008659269.25
MEX,Mexico,1144488592201.455,1109989063586.62,900045350649.351,1057801295584.05,1180489601957.61,1201089987015.45,1274443084716.57,1314563967425.24,1170564619927.69,1077827944342.35,1158071006809.62
MHL,Marshall Islands,178113740.0,152788700.0,152617500.0,164969100.0,173260300.0,185210500.0,190800800.0,183121300.0,179697900.0,194497900.0,204173400.0
MIC,Middle income,24187680146503.742,17143083415848.3,16723643664313.6,20318663211916.2,24008819917691.0,25612271289734.4,27130341304882.4,28128744930295.5,26656613147658.1,26772108788027.0,29382511794670.9
MKD,North Macedonia,10315481371.785585,9909548410.82744,9401731495.71661,9407168702.4313,10494632699.3859,9745251126.0109,10817712138.9451,11362272837.8818,10064515432.0265,10672471860.7184,11279509013.9119
MLI,Mali,12607358790.487368,9750822511.47988,10181021770.4326,10678749467.4697,12978107560.5982,12442747897.2223,13246412031.4145,14345828992.0411,13099495529.7113,14010787737.8424,15339614406.6617
MLT,Malta,10128520659.779802,8977149553.24447,8528202278.41067,8741059602.64901,9500669014.63601,9211948090.70898,10151192765.7466,11281702719.8057,10701866983.4752,11442612408.8179,12748803180.3035
MMR,Myanmar,55360328673.57082,31862554101.9378,36906181380.8127,49540813342.4834,59977326085.9908,59937797559.3295,60269734044.52599,65446199787.8425,59687410896.5734,63256184700.2223,66719084835.9898
MNA,Middle East & North Africa (excluding high income),1466771474144.718,1235624165211.14,1196064624693.21,1383648960546.26,1568618556169.38,1728670837464.96,1624179970871.02,1598440150830.85,1441623404793.42,1453306730365.21,1437537340501.73
MNE,Montenegro,4379394573.38729,4545674527.61096,4159328980.2723,4139192052.9801297,4538199888.796221,4087725812.6686397,4464261816.25066,4587928884.17142,4052913385.8267703,4374128318.58407,4844592066.71174
MNG,Mongolia,9927774541.752481,5623216448.86851,4583850367.88972,7189481824.07288,10409797649.3063,12292770631.1967,12582122604.1921,12226514722.0861,11749620619.5962,11186734674.3847,11433635875.9316
MNP,Northern Mariana Islands,941800000.0,939000000.0,795000000.0,799000000.0,733000000.0,751000000.0,782000000.0,845000000.0,931000000.0,1250000000.0,1593000000.0
MOZ,Mozambique,13228439794.824818,11494837053.4061,10911698204.4676,10154238250.1818,13131168011.807,15265269710.6404,16018848993.9909,16961117243.491001,14798413628.4625,10896894351.3881,12651912500.4128
MRT,Mauritania,4797724638.753528,4031048268.43289,3662282133.1896205,4337794151.37698,5166346516.40948,5231255478.38986,5639818811.90095,5372783879.758861,4832547925.29075,4727937032.27564,4975432190.51025
MUS,Mauritius,11442715307.761156,9990370016.307709,9128843109.15588,10003670690.3497,11518393367.2403,11668685524.1265,12129642296.4425,12803445933.5894,11692287066.381,12232463655.5727,13259351418.4459
MWI,Malawi,6218052336.53843,5321012192.33619,6191127665.1963,6959655570.89098,8004000737.30717,6028487928.83351,5518880768.57955,6047813437.31804,6373212640.84604,5433040159.88747,6303292264.18905
MYS,Malaysia,286991907410.75116,230813597937.526,202257586267.55603,255016609232.871,297951960784.31396,314443149443.149,323277158906.979,338061963396.37604,296636282166.176,296753497922.573,314707268049.991
NAC,North America,18318719850568.66,16268085220997.2,15825892407986.4,16611339953589.4,17337272540202.8,18026511572523.6,18632441320853.1,19329008738304.3,19778113935832.2,20239948343915.9,21138584471481.7
NAM,Namibia,11607786475.490898,8486721916.9128,8876191120.76189,11282192605.0374,12409629835.6998,13016272898.9038,12717790504.5002,12786078008.2376,11650656642.2655,11286139080.0065,13566192142.5835
NCL,New Caledonia,,,,,,,,,,,
NER,Niger,6858585216.327091,5379299887.69673,5373097440.5653,5718664504.91341,6409184724.22579,6942258305.19085,7667952566.391391,8229731383.756559,7217667780.59665,7528285443.607691,8119710126.32655
NGA,Nigeria,422042965191.7959,337035512676.935,291880204327.419,363359886203.409,410334579160.752,459376049763.99896,514966287334.27704,568498937615.656,494583180777.10297,404649527537.753,375745486520.656
NIC,Nicaragua,10861040941.830103,8496965842.2767,8298695144.915071,8758622328.66962,9774316692.15985,10532001129.67,10982972256.3787,11880438824.4494,12756717322.7625,13286093197.4791,13843586679.5401
NLD,Netherlands,855295766302.4702,947997656364.435,868077243678.8,846554894931.0841,904085980796.018,838971306990.9059,876923518850.405,890981311077.658,765264949780.999,783528181704.567,830572618849.8291
NOR,Norway,446770599965.6299,462554432624.114,386622457579.95,429130952709.224,498831558925.86,510229136226.90204,523502127659.574,499338534779.159,386663139402.70703,371344761904.762,399488897844.046
NPL,Nepal,18591933584.38101,12545438605.3959,12854985464.0764,16002656434.4746,18913574370.76,18851513891.066,19271168018.482,20002968837.9471,21410840908.5198,21185922407.5922,24880266905.4961
NRU,Nauru,85088591.72576274,39292928.31206021,44294351.7637203,49234059.7187225,72682692.5373284,103837431.883349,108631468.258281,117013202.314436,99964019.3044941,102055047.945899,113880715.21933702
NZL,New Zealand,170512986484.7663,133280382371.547,121338622025.111,146583831538.331,168461998741.295,176193696737.934,190784384693.441,200834001603.85,177208110322.70398,187854022728.45898,202590814084.99103
OED,OECD members,47159112074422.92,45581707019089.8,42671754187460.8,44700082078603.9,48031870862169.8,47963058821606.9,48593693380263.8,49619397556018.0,46869839390473.3,47774577522532.4,49785139926010.5
OMN,Oman,67807074122.23667,60905331599.4798,48388296488.9467,58642392717.8153,67937581274.3823,76689206762.0286,78784395318.5956,81076723016.9051,68921456436.9311,65941482444.7334,70783875162.5488
OSS,Other small states,378007707075.5386,325928847475.944,279233167459.969,324670072425.156,401018687776.50397,421060997555.622,436532474270.557,449039404763.45703,371473048748.633,366455822163.981,404664548115.563
PAK,Pakistan,228335051689.93942,170077814106.305,168152775283.03198,177406854514.885,213587413183.996,224383620829.57,231218567178.97897,244360888750.807,270556126820.064,278654637737.69,304951818494.06604
PAN,Panama,42668332420.0,25155888600.0,27116635600.0,29440300000.0,34686200000.0,40429700000.0,45600000000.0,49921500000.0,54091700000.0,57957600000.0,62283800000.0
PER,Peru,174784146625.1058,120550599815.441,120822986521.479,147528937028.778,171761737046.585,192648999090.082,201175469114.327,200983797111.659,189759138299.20898,191907499037.066,210702303186.432
PHL,Philippines,248406777299.04825,174195136253.393,168334601260.075,199590775190.258,224143083706.77698,250092092998.143,271836123723.678,284584522898.872,292774099013.687,304897590205.413,313619747740.18604
PLW,Palau,232826350.0,196859300.0,182704300.0,182863000.0,193235600.0,214648500.0,225345700.0,245675100.0,293124000.0,303984500.0,289823500.0
PNG,Papua New Guinea,18605363438.8908,11670678863.7458,11619541940.4014,14250726289.853998,17984816533.1084,21295834133.2309,21261305413.2323,23210611846.9164,21723378124.5485,20759048834.9824,22277692408.8879
POL,Poland,502772628127.1092,533815789473.68396,439796160379.475,479321460551.18896,528832185770.21704,500360816827.883,524234322596.975,545389126644.476,477577397532.829,472028000405.803,526371021088.56104
PRE,Pre-demographic dividend,1213802336203.3215,951374524203.077,857558275803.468,1014764538526.14,1184967942013.23,1306155155107.86,1428565871084.09,1528617222367.88,1341023126049.43,1220907452742.51,1304089254135.53
PRI,Puerto Rico,100718090000.0,93639300000.0,96385600000.0,98381300000.0,100351700000.0,101564800000.0,102450000000.0,102445800000.0,103375500000.0,104336700000.0,104250200000.0
PRK,"Korea, Dem. Peopleâ€™s Rep.",,,,,,,,,,,
PRT,Portugal,228602742891.23468,262007590449.685,243745748819.11603,238303443425.21,244895101712.45102,216368178659.447,226073492966.495,229629822121.601,199420256049.689,206275669201.91602,219308125506.737
PRY,Paraguay,33122364557.112473,24578067861.3998,22341754513.9643,27215968615.5548,33715524703.9288,33283228891.0923,38585317742.981,40276532540.8812,36164068797.2511,36054281572.3981,39008900331.6733
PSE,West Bank and Gaza,11038800000.0,6673500000.0,7268200000.0,8913100000.0,10465400000.0,11279400000.0,12476000000.0,12715600000.0,12673000000.0,13425700000.0,14498100000.0
PSS,Pacific island small states,8021828899.264239,6556133687.72438,5776686941.93929,6416533300.58371,7632301836.05666,8148861957.40977,8440652847.487209,9174063770.59309,8909228715.17981,9280440561.9027,9883385373.76577
PST,Post-demographic dividend,44748419406097.11,43219248040627.6,40729434027056.6,42467873243123.4,45585663540740.0,45536751543396.6,45983000855692.7,46923802846913.7,44401372279169.1,45382709162116.0,47254338522135.4
PYF,French Polynesia,,,,,,,,,,,
QAT,Qatar,157815252612.63724,115270054945.055,97798351648.3516,125122306346.154,167775274725.275,186833516483.51602,198727747252.74698,206224725274.725,161739835164.835,151732142857.143,166928571428.57098
ROU,Romania,187765232421.7271,214313628965.024,174103695930.213,166225180150.414,183443154234.73102,171196268957.961,190949066979.17603,199626806401.529,177893451831.14102,188494136775.719,211406933991.363
RUS,Russian Federation,1725238135589.9421,1660846387626.0,1222644282200.48,1524917468442.6,2051661732059.47,2210256976944.74,2297128039058.16,2059984158384.6,1363594369511.4,1282723881083.71,1578624060588.26
RWA,Rwanda,7144930456.016317,4867560259.3551,5373088996.5937605,5783152633.48246,6563320570.40862,7334917696.72263,7621923307.70325,8016591927.659229,8277613193.576309,8475681532.52169,9135454442.14013
SAS,South Asia,2374548378403.9688,1527503038357.47,1683487609633.94,2061059873650.14,2271880446967.01,2297374631123.91,2357174513350.64,2581892372016.11,2697313887065.75,2920085235751.32,3347712176123.4
SAU,Saudi Arabia,637510460253.3334,519796800000.0,429097866666.66705,528207200000.0,671238840106.667,735974843360.0,746647127413.333,756350347333.3341,654269902880.0,644935541440.0,688586133333.333
SDN,Sudan,77833469641.06276,54526580231.5568,53150209167.934006,65634109236.7736,67327289319.733,68125631150.2939,72065940085.772,82151588418.8325,96741742021.6738,95558220776.92099,123053386001.137
SEN,Senegal,18172505970.69415,16949789464.5966,16248212852.2767,16215069255.5479,17878780184.8709,17825417949.4231,18960182371.3937,19770840285.9946,17767704596.9267,19027392875.8489,21081669870.0624
SGP,Singapore,278891866312.60614,193611986712.84198,194152286008.93802,239809387605.427,279351168707.26697,295087220933.024,307576360584.992,314851156183.411,308004146057.60803,318068476293.883,338406474038.67
SLB,Solomon Islands,989428670.4828205,608229326.656255,597765363.128492,681151189.956511,932725578.7618449,1063879451.2333,1129787201.75701,1172268295.9261801,1154650066.30195,1232699140.3716302,1321131090.7350302
SLE,Sierra Leone,3585039163.0779634,2505458705.03338,2453899846.88317,2578026297.15912,2942546781.0454803,3801862611.36414,4920343194.99339,5015157815.73406,4218723875.1379,3674794530.18956,3739577973.2394295
SLV,El Salvador,21281113220.0,17986886200.0,17601616000.0,18447920000.0,20283780000.0,21386160000.0,21990970000.0,22593470000.0,23438240000.0,24154120000.0,24927970000.0
SMR,San Marino,1948324031.965084,2752307016.25897,2363156432.34232,2139072847.6821198,2054489852.65499,1800077091.0959802,1865374402.54912,1788510017.2482398,1523012088.2777,1564380530.97345,1632860040.56795
SOM,Somalia,6736039572.728566,,,,,,6480989791.0905,6562208806.342071,6669000749.18274,6839998517.02752,7128000000.0
SRB,Serbia,45157978379.83128,52194221468.5007,45162894380.9318,41819468691.8251,49258136128.9672,43309252921.0567,48394238300.4008,47062205546.5,39628549949.7295,40630392018.541,44120424391.86
SSA,Sub-Saharan Africa (excluding high income),1535638477776.182,1208798487537.72,1147229799465.5,1368766716118.85,1551473442857.32,1634704525473.24,1738183800688.36,1825639299053.14,1660130656998.03,1543798794170.86,1677659255398.8
SSD,South Sudan,12632152361.718702,15550136278.8696,12231362022.6859,15727363443.0995,17826697892.2717,10368813559.321999,13257627118.6441,13282033898.3051,12374452028.1893,3070885014.08113,
SSF,Sub-Saharan Africa,1536827395663.7588,1209765669837.74,1148077116593.37,1369736518864.64,1552539087276.33,1635764396519.93,1739512102313.87,1826982517097.9,1661508166026.09,1545226165544.37,1679162216563.35
SST,Small states,454262836106.43243,401591747996.225,343188842295.13,394373376444.373,477074458532.91797,499988643173.642,516847741716.424,531018074381.56104,452002546514.19104,442920183862.366,483622746147.49396
STP,Sao Tome and Principe,275178887.31640726,188021168.841818,187821029.03052,197454052.146072,233213521.69118902,252560556.021848,302925488.13174903,348941656.435664,318265835.263324,347545391.785,375040173.816889
SUR,Suriname,4258885401.8660173,3532961748.6338797,3875555555.55556,4368398047.64333,4422276621.787029,4980000000.0,5145757575.75758,5240606060.60606,4787367928.11777,3167164370.8056397,3068766109.75333
SVK,Slovak Republic,94302872894.24707,100324627215.468,88945625173.6593,89501012915.7314,98181259740.0919,93413992955.8972,98478349315.3252,100948236941.18199,87769595120.4718,89848359304.5293,95617670260.1145
SVN,Slovenia,48569682864.65863,55589849128.4605,50244793831.6199,48013606745.4803,51290792018.1074,46352802765.5763,48116256926.0807,49889553216.003,43102044290.9563,44641210338.2514,48455919386.0505
SWE,Sweden,524159139544.3039,514584970642.23,430114322297.421,488909078695.423,563797423389.285,544481531961.98,579360671663.959,574413132024.98,498117638852.89703,512205240408.433,535607385506.432
SWZ,Eswatini,4216699710.9684386,3294093485.20796,3580417066.9247203,4438778424.30203,4820499924.2539,4823831656.516439,4560713073.919479,4377293816.28535,4020275298.0272603,3817430000.0,4433664364.24725
SXM,Sint Maarten (Dutch part),,,,,,,,,,,
SYC,Seychelles,1188994052.79158,967199593.960157,847397850.094417,969936525.298729,1065826669.8974199,1060226125.6261599,1328157608.83087,1343007845.04468,1377495054.04127,1427524565.30226,1503168689.81984
SYR,Syrian Arab Republic,,,,,,,,,,,
TCA,Turks and Caicos Islands,806828944.0,862683630.0,703175750.0,686787810.0,728789570.0,715722770.0,740776770.0,823968140.0,893501650.0,950357510.0,962525840.0
TCD,Chad,11267225563.398766,10351932604.4154,9253484108.49701,10657705536.4978,12156380425.0825,12368071038.7362,12949854262.8127,13922223233.5184,10945989471.6286,10090922857.3905,9975692095.40855
TEA,East Asia & Pacific (IDA & IBRD countries),10634687303197.018,5975957383698.32,6477920156078.09,7853669415319.31,9596177837051.58,10700596695068.2,11804960245048.5,12689604505542.3,13197946656328.1,13431911479092.8,14618128658743.0
TEC,Europe & Central Asia (IDA & IBRD countries),4023327649563.463,3915054710378.33,3105898370579.59,3638996448763.09,4423152690820.26,4614984435819.91,4897373945067.55,4639238345481.57,3615788111860.42,3483943366076.73,3898846070787.19
TGO,Togo,4009222237.080467,3310277926.58997,3365711796.38206,3426022205.75557,3867391618.08827,3873529926.2272296,4320427495.74933,4568900619.924561,4179185205.1612206,4414908596.542171,4765866980.38429
THA,Thailand,377917200016.6829,291383081231.82,281710095724.761,341105009515.333,370818747396.83295,397558094269.877,420333333333.33295,407339361695.577,401295970240.33704,412352789519.611,455275517239.34705
TJK,Tajikistan,6946493999.147736,5161337336.40365,4979481980.35098,5642178579.58438,6522732202.50748,7633049792.093209,8448469837.538309,9112544556.05962,7854602391.65355,6952678127.03396,7157865188.25222
TKM,Turkmenistan,31909436528.4071,19271523178.8079,20214385964.9123,22583157894.7368,29233333333.3333,35164210526.3158,39197543859.6491,43524210526.3158,35799714285.7143,36180000000.0,37926285714.2857
TLA,Latin America & the Caribbean (IDA & IBRD countries),5395037109948.182,4402421976056.63,4123876013267.34,5152618467568.42,5877992088227.93,5935009599628.89,6081903167057.09,6199504020952.5,5290483965946.01,5154283302707.55,5732278498069.47
TLS,Timor-Leste,4168644435.5287523,4391368105.16034,3199666690.88017,3998961313.73619,5672048723.41683,6661664574.7463,5637671696.36367,4041636956.55441,3092624754.7917,2503532102.2697,2487269437.36822
TMN,Middle East & North Africa (IDA & IBRD countries),1455677870111.2578,1229024372645.29,1188830867244.37,1374752649658.54,1558155718734.23,1717405849754.31,1611631755146.04,1585633514074.74,1428813291325.01,1439713130591.26,1422817551938.79
TON,Tonga,409382538.40771127,349484427.609428,318166562.784677,369485198.817979,423011844.331641,472358251.22426105,450686353.67401105,443911052.25404197,435438217.281663,401109307.359307,430174168.740104
TSA,South Asia (IDA & IBRD),2374548378403.9688,1527503038357.47,1683487609633.94,2061059873650.14,2271880446967.01,2297374631123.91,2357174513350.64,2581892372016.11,2697313887065.75,2920085235751.32,3347712176123.4
TSS,Sub-Saharan Africa (IDA & IBRD countries),1536827395663.7607,1209765669837.75,1148077116593.37,1369736518864.64,1552539087276.33,1635764396519.93,1739512102313.87,1826982517097.91,1661508166026.09,1545226165544.37,1679162216563.35
TTO,Trinidad and Tobago,24411064065.80173,27871587349.5413,19172165225.5015,22157948396.2042,25433011405.3017,25769329445.0666,27110262285.4127,27477965424.1625,25121524774.9867,21746391333.0334,22250455018.8067
TUN,Tunisia,44201358268.527214,44856586316.0458,43454935940.1614,44050929160.2627,45810626509.4474,45044112939.3687,46251061734.4741,47632326088.237,43152528548.124,41808379888.2682,39952095560.8829
TUR,Turkey,834721633675.9113,764335657637.62,644639901973.703,771901768870.083,832523680908.06,873982246611.9541,950579413122.56,934185915386.096,859796872677.614,863721648068.8059,851549231502.615
TUV,Tuvalu,35306146.527181216,30290770.2575339,27101312.7912806,31824701.2779469,38713279.618999496,37671734.4913473,37507514.536976,37291841.426971,35492333.8641732,36547419.8730745,40620557.13350929
TZA,Tanzania,40946308968.27442,27941177434.5087,29081425282.2949,32014249841.4151,34657139495.4031,39650530214.3287,45680532613.7591,49964788814.0927,47378599025.3044,49774021003.0747,53320625958.5628
UGA,Uganda,22500752094.830242,14239026629.639,18168902153.8798,20186496527.1256,20176025256.9153,23114293416.3905,24599550623.7254,27291879819.3622,27102650386.6012,24133664284.5089,25995031850.1545
UKR,Ukraine,138527527332.7698,179816790704.73898,117113410001.027,136013155905.036,163159671670.265,175781379051.433,183310146378.08102,133503411375.739,91030959454.6961,93355993628.5042,112190355158.17801
UMC,Upper middle income,19017796295690.89,13583073344363.2,13078172075261.0,15856642500476.4,18969598332709.3,20325178366956.9,21608467273886.2,22301779198495.8,20866461188838.2,20737553099408.9,22851037576513.0
URY,Uruguay,47875659022.01746,30366213119.2928,31660911277.0294,40284481651.9021,47962439303.7247,51264390116.4909,57531233350.9101,57236013086.1223,53274304222.135994,52687612261.5424,56488991831.0239
USA,United States,16661189368500.0,14712844084000.0,14448933025000.0,14992052727000.0,15542581104000.0,16197007349000.0,16784849190000.0,17521746534000.0,18219297584000.0,18707188235000.0,19485393853000.0
UZB,Uzbekistan,55744388942.01822,29549438883.8338,33689223673.2577,39332770928.9426,45915191189.3237,51821573338.1312,57690770140.2657,76658542757.4707,81847410181.7953,81779019095.6692,59159949231.4924
VCT,St. Vincent and the Grenadines,718100659.441714,695428851.8518519,674922481.481482,681225962.962963,676129407.407407,692933740.740741,721208998.225378,727714407.111622,755458031.415067,770762204.076066,785222509.144563
VEN,"Venezuela, RB",370009499878.8719,315953388510.678,329787628928.472,393192354510.65295,316482190800.364,381286237847.66705,371005379786.56604,482359318767.70294,,,
VGB,British Virgin Islands,,,,,,,,,,,
VIR,Virgin Islands (U.S.),3997600000.0,4250000000.0,4203000000.0,4339000000.0,4239000000.0,4095000000.0,3762000000.0,3622000000.0,3748000000.0,3863000000.0,3855000000.0
VNM,Vietnam,159215997874.60544,99130304099.1274,106014659770.22198,115931749697.241,135539438559.709,155820001920.492,171222025117.38098,186204652922.262,193241108709.536,205276172134.901,223779865815.183
VUT,Vanuatu,748499203.0212592,607958616.1434151,610066628.693058,700804286.224354,792149700.679116,781702874.106058,801787555.8611209,814954306.971033,737917151.424178,787942567.411846,849708342.6984121
WLD,World,72687489835467.95,63616067321080.9,60340070387368.0,66036918504601.7,73357858363945.8,75045782254546.9,77189953892236.6,79296761326307.4,75002374281095.5,76103531034285.0,80885580989211.6
WSM,Samoa,743134259.4941884,644132488.887141,560959527.824621,643046733.3911259,739785121.889922,801168622.338114,804808525.5372231,805162576.422974,804100573.408688,786640012.24318,841538412.998896
XKX,Kosovo,6520537670.056473,5687417606.56218,5653792720.20006,5830463576.15894,6691826522.10175,6499935757.42002,7071959638.874141,7386891336.075359,6440612176.999001,6714712389.380529,7227764976.792741
YEM,"Yemen, Rep.",33513472579.690098,26910851361.7555,25130274124.2524,30906749533.221,32726417878.391003,35401339869.3055,40415233436.1767,43228585321.3272,42628328212.1041,30968242967.7823,26818703092.5852
ZAF,South Africa,345023702819.711,286769839732.726,295936485832.635,375349442837.24,416418874936.30396,396327875200.974,366643223167.031,350636208160.181,317536830643.708,295746599723.99,348871647962.32104
ZMB,Zambia,22564160830.4606,17910858637.9048,15328342303.9575,20265556273.582,23460098339.7453,25503370699.2015,28045460442.1876,27150630607.2032,21154394545.895,20954754378.1394,25868142076.7897
ZWE,Zimbabwe,15925126991.61292,4415702800.0,9665793300.0,12041655200.0,14101920300.0,17114849900.0,19091020000.0,19495519600.0,19963120600.0,20548678100.0,22813010116.1292
